Courses,Download Syllabus
B.Tech in Civil Engineering,Download
B.Tech in Mechanical Engineering,Download
B.Tech in Electrical Engineering,Download
B.Tech in Computer Science & Engineering,Download
B.Tech in Electronics & Communication Engineering,Download
B.Sc. in Physics,Download
B.Scin Chemistry,Download
B.Sc. in Maths & Stats,Download
B.Sc. in Biological Science,Download
B.A. in Theology,Download
B.A. in Journalism & Mass Communication,Download
B.A. in Education,Download
B.A. in Geography,Download
B.A. in Arabic,Download
B.A. in English,Download
B.A. in History,Download
B.A. in Economics,Download
B.A. in Urdu,Download
B.A. in Law,Download
B.A. in Nursing,Download
M.Tech in Civil Engineering,Download
M.Tech in Mechanical Engineering,Download
M.Tech in Electrical Engineering,Download
M.Tech in Computer Science & Engineering,Download
M.Tech in Electronics & Communication Engineering,Download
M.Sc. in Physics,Download
M.Sc in Chemistry,Download
M.Sc. in Maths & Stats,Download
M.Sc. in Biological Science,Download
M.A. in Theology,Download
M.A. in Journalism & Mass Communication,Download
M.A. in Education,Download
M.A. in Geography,Download
M.A. in Arabic,Download
M.A. in English,Download
M.A. in History,Download
M.A. in Economics,Download
M.A. in Urdu,Download
M.A. in Law,Download
M.A. in Nursing,Download
